astroshop.es,172.66.40.209
geojson.org,185.199.110.153
taktemp.com,116.202.36.217
b1bank.com,107.22.20.9
email.net,
www.feitocaoegatopet.com.br,188.114.96.0
www.brd.rw,41.186.76.2
www.padsquad.com,108.156.60.37
deeps.net,45.79.215.146
www.shipway.com,52.17.119.105
kakekmerah-4d.blog,188.114.97.0
titantvguide.com,66.43.219.208
www.processmaker.com,
aquariumcomputer.com,144.76.199.217
www.ahla.com,23.185.0.1
plusplushostingserver.net,67.222.143.169
kupyansk.com.ua,91.222.138.63
www.poltronic.net,
harley-davidsonforums.com,151.101.129.91
rxabbvie.com,159.180.132.176
iwmf.ir,104.21.41.90
www.maltayellowpages.com,104.21.91.198
revize.com,52.223.16.83
www.globalrallycross.com,89.161.252.123
www.allianzbankfa.it,54.217.209.80
fmsinc.com,104.215.89.22
justremote.co,13.248.131.213
fixthephoto.com,18.239.94.16
www.eleventa.com,152.89.79.36
www.loopliveweb.com.au,165.160.13.20
www.futnext.com,18.239.36.50
ecomt.com.br,177.67.112.6
www.maxoncomputerinc.net,
www.akam.uz,76.76.21.164
www.eqtble.com,
www.intelli-hub.com,
huaydeesud-vip.com,188.114.97.0
www.lordserials.lol,188.114.97.0
xn--42c2bl3am1bzdk9k.com,188.114.97.0
www.anne69317.sbs,104.21.61.192
wayoflife.hu,217.144.56.110
www.el-com.su,
tantos-shop.ru,46.254.18.72
joycasino-pzp.top,172.67.214.60
champion-casino-rys.buzz,89.105.223.89
buckinghamshirelive.com,3.255.46.63
kawanku33.com,188.114.97.0
zsxbjb.com,188.114.96.0
kanerepublican.com,192.104.183.109
cxeonline.com,188.114.97.0
timesofeconomics.com,156.67.222.23
wedlockcross.com,13.248.213.45
osohq.com,76.76.21.21
www.kktcell.com,94.79.74.240
www.comunidadvirtualcaa.co,192.124.249.102
www.ishizuka-sangyo.co.jp,
excellentjobsnetwork.com,45.10.22.241
www.steuer-web.de,62.159.27.21
www.jpgokil.site,104.21.40.151
kinoron.co,
antonyandthejohnsons.com,198.185.159.145
www.personio.es,76.76.21.61
wtwt282.com,104.26.12.243
accessmyiq.com,2.16.6.7
www.helpmepcs.com,
www.botsrv2.com,54.74.75.113
cablepaddle.com,192.243.61.227
lifemark.ca,172.67.8.102
www.whozirtahoa.com,
www.bospaito.day,172.67.147.182
www.hiperseguidores.com.br,152.228.155.67
www.gephardtdaily.com,172.67.148.30
www.stakingwizard.com,34.249.200.254
w2solution.co.jp,219.94.163.86
aunivers.no,108.156.60.58
www.orlandpark.org,2.16.6.5
mytop-in.net,104.21.2.186
sincofarmasp.com.br,162.240.101.3
appsocool.com,172.67.148.227
www.sr7pokerdom.com,76.223.54.146
www.chemistry-chemists.com,185.43.220.48
www.coframe.ai,54.184.125.208
www.paysdelaloire.fr,104.22.22.82
www.hilangarah.uk,104.21.22.188
croner.co.uk,13.107.246.67
raceraves.com,188.114.96.0
www.bidfooddirect.co.uk,
nic.dot,165.160.13.20
www.logotyp.us,188.114.97.0
festzeit.ch,178.63.25.238
abbastelecom.net,185.110.162.15
salvadorescoda.com,82.223.131.138
ear1tlow.xyz,188.114.97.0
stearnsandfoster.com,165.160.15.20
www.astra-honda.com,172.67.153.7
hoteljohnny.com,172.67.140.36
www.teletracker.net,18.238.243.68
kazino-playfort.net,203.30.188.49
www.diorama.ru,178.154.225.106
